{
    
"providerDetails": [
    {
    "id": "1",
    "prov_name": "BACHA                    ,  EMILE",
    "prov_addr_str1": "300 LONGWOOD AVE FA 144",
    "prov_addr_mail_city": "BOSTON",
    "prov_addr_mail_state": "MA",
    "prov_addr_zip": "02115",
    "prov_phone": "617-355-7008",
    "prov_new_patient": "Unknown",
    "prov_lang_capabilities": "",
    "prov_addr_email": "",
    "prov_county": "Other States",
    "prov_dhcp": "",
    "prov_pcp": "",
    "prov_specicialty": "Cardiologist, Cardiovascular Surgeon, Thoracic Surgeon"
    },
    {
    "id": "2",
    "prov_name": "BACHARIER                ,  LEONARD       B",
    "prov_addr_str1": "ONE CHILDREN'S PLACE",
    "prov_addr_mail_city": "ST. LOUIS",
    "prov_addr_mail_state": "MO",
    "prov_addr_zip": "63110-1002",
    "prov_phone": "314-286-1351",
    "prov_new_patient": "Unknown",
    "prov_lang_capabilities": "",
    "prov_addr_email": "",
    "prov_county": "Other States",
    "prov_dhcp": "",
    "prov_pcp": "",
    "prov_specicialty": "General Pediatrician"
    }
    ],
  "CountyList": [
    {
      "value": "01",
      "label": "Autauga"
    },
    {
      "value": "02",
      "label": "Baldwin"
    },
    {
      "value": "03",
      "label": "Barbour"
    },
    {
      "value": "04",
      "label": "Bibb"
    },
    {
      "value": "05",
      "label": "Blount"
    },
    {
      "value": "9F",
      "label": "Bordering FL"
    },
    {
      "value": "9G",
      "label": "Bordering GA"
    },
    {
      "value": "9M",
      "label": "Bordering MS"
    },
    {
      "value": "9T",
      "label": "Bordering TN"
    },
    {
      "value": "06",
      "label": "Bullock"
    },
    {
      "value": "07",
      "label": "Butler"
    },
    {
      "value": "08",
      "label": "Calhoun"
    },
    {
      "value": "09",
      "label": "Chambers"
    },
    {
      "value": "10",
      "label": "Cherokee"
    },
    {
      "value": "11",
      "label": "Chilton"
    },
    {
      "value": "12",
      "label": "Choctaw"
    },
    {
      "value": "13",
      "label": "Clarke"
    },
    {
      "value": "14",
      "label": "Clay"
    },
    {
      "value": "15",
      "label": "Cleburne"
    },
    {
      "value": "16",
      "label": "Coffee"
    },
    {
      "value": "17",
      "label": "Colbert"
    },
    {
      "value": "18",
      "label": "Conecuh"
    },
    {
      "value": "19",
      "label": "Coosa"
    },
    {
      "value": "20",
      "label": "Covington"
    },
    {
      "value": "21",
      "label": "Crenshaw"
    },
    {
      "value": "22",
      "label": "Cullman"
    },
    {
      "value": "23",
      "label": "Dale"
    },
    {
      "value": "24",
      "label": "Dallas"
    },
    {
      "value": "25",
      "label": "Dekalb"
    },
    {
      "value": "26",
      "label": "Elmore"
    },
    {
      "value": "27",
      "label": "Escambia"
    },
    {
      "value": "28",
      "label": "Etowah"
    },
    {
      "value": "29",
      "label": "Fayette"
    },
    {
      "value": "95",
      "label": "FL State"
    },
    {
      "value": "30",
      "label": "Franklin"
    },
    {
      "value": "96",
      "label": "GA State"
    },
    {
      "value": "31",
      "label": "Geneva"
    },
    {
      "value": "32",
      "label": "Greene"
    },
    {
      "value": "33",
      "label": "Hale"
    },
    {
      "value": "34",
      "label": "Henry"
    },
    {
      "value": "35",
      "label": "Houston"
    },
    {
      "value": "36",
      "label": "Jackson"
    },
    {
      "value": "37",
      "label": "Jefferson"
    },
    {
      "value": "38",
      "label": "Lamar"
    },
    {
      "value": "39",
      "label": "Lauderdale"
    },
    {
      "value": "40",
      "label": "Lawrence"
    },
    {
      "value": "41",
      "label": "Lee"
    },
    {
      "value": "42",
      "label": "Limestone"
    },
    {
      "value": "43",
      "label": "Lowndes"
    },
    {
      "value": "44",
      "label": "Macon"
    },
    {
      "value": "45",
      "label": "Madison"
    },
    {
      "value": "46",
      "label": "Marengo"
    },
    {
      "value": "47",
      "label": "Marion"
    },
    {
      "value": "48",
      "label": "Marshall"
    },
    {
      "value": "49",
      "label": "Mobile"
    },
    {
      "value": "50",
      "label": "Monroe"
    },
    {
      "value": "51",
      "label": "Montgomery"
    },
    {
      "value": "52",
      "label": "Morgan"
    },
    {
      "value": "97",
      "label": "MS State"
    },
    {
      "value": "99",
      "label": "Other States"
    },
    {
      "value": "53",
      "label": "Perry"
    },
    {
      "value": "54",
      "label": "Pickens"
    },
    {
      "value": "55",
      "label": "Pike"
    },
    {
      "value": "56",
      "label": "Randolph"
    },
    {
      "value": "57",
      "label": "Russell"
    },
    {
      "value": "59",
      "label": "Shelby"
    },
    {
      "value": "58",
      "label": "St.Clair"
    },
    {
      "value": "60",
      "label": "Sumter"
    },
    {
      "value": "61",
      "label": "Talladega"
    },
    {
      "value": "62",
      "label": "Tallapoosa"
    },
    {
      "value": "98",
      "label": "TN State"
    },
    {
      "value": "63",
      "label": "Tuscaloosa"
    },
    {
      "value": "64",
      "label": "Walker"
    },
    {
      "value": "65",
      "label": "Washington"
    },
    {
      "value": "66",
      "label": "Wilcox"
    },
    {
      "value": "67",
      "label": "Winston"
    }
  ],
  "SpecialityList": [
    {
      "value": "261",
      "label": "Air Ambulance"
    },
    {
      "value": "268",
      "label": "Air Ambulance"
    },
    {
      "value": "310",
      "label": "Allergist"
    },
    {
      "value": "260",
      "label": "Ambulance"
    },
    {
      "value": "311",
      "label": "Anesthesiologist"
    },
    {
      "value": "071",
      "label": "Associate Licensed Counselor (ALC)"
    },
    {
      "value": "200",
      "label": "Audiologist"
    },
    {
      "value": "175",
      "label": "Behavioral Analyst"
    },
    {
      "value": "312",
      "label": "Cardiologist"
    },
    {
      "value": "313",
      "label": "Cardiovascular Surgeon"
    },
    {
      "value": "095",
      "label": "Certified Nurse Midwife"
    },
    {
      "value": "150",
      "label": "Chiropractor"
    },
    {
      "value": "740",
      "label": "Cochlear Implant"
    },
    {
      "value": "750",
      "label": "Colon and Rectal Surgery"
    },
    {
      "value": "274",
      "label": "Dental Prevention"
    },
    {
      "value": "314",
      "label": "Dermatologist"
    },
    {
      "value": "970",
      "label": "Disease Management"
    },
    {
      "value": "760",
      "label": "EENT"
    },
    {
      "value": "315",
      "label": "Emergency Medicine Practitioner"
    },
    {
      "value": "770",
      "label": "Endocrinology"
    },
    {
      "value": "275",
      "label": "Endodontist"
    },
    {
      "value": "560",
      "label": "EPSDT"
    },
    {
      "value": "092",
      "label": "Family Nurse Practitioner"
    },
    {
      "value": "316",
      "label": "Family Practitioner"
    },
    {
      "value": "080",
      "label": "FQHC (Clinic)"
    },
    {
      "value": "317",
      "label": "Gastroenterologist"
    },
    {
      "value": "271",
      "label": "General Dentistry Practitioner"
    },
    {
      "value": "345",
      "label": "General Pediatrician"
    },
    {
      "value": "318",
      "label": "General Practitioner"
    },
    {
      "value": "319",
      "label": "General Surgeon"
    },
    {
      "value": "320",
      "label": "Geriatric Practitioner"
    },
    {
      "value": "321",
      "label": "Hand Surgeon"
    },
    {
      "value": "780",
      "label": "Hematology"
    },
    {
      "value": "185",
      "label": "Hospital Based Rural Health Clinic"
    },
    {
      "value": "790",
      "label": "Infectious Disease"
    },
    {
      "value": "800",
      "label": "Internal Medicine"
    },
    {
      "value": "072",
      "label": "License Marriage and Family Therapist (LMFT)"
    },
    {
      "value": "074",
      "label": "Licensed Independent Clinical Social Worker(LICSW)"
    },
    {
      "value": "073",
      "label": "Licensed Master Social Worker (LMSW)"
    },
    {
      "value": "070",
      "label": "Licensed Professional Counselor (LPC)"
    },
    {
      "value": "116",
      "label": "Licensed Social Worker"
    },
    {
      "value": "292",
      "label": "Mammography"
    },
    {
      "value": "299",
      "label": "Mobile Provider"
    },
    {
      "value": "323",
      "label": "Neonatologist"
    },
    {
      "value": "730",
      "label": "Neonatology (Nurse)"
    },
    {
      "value": "324",
      "label": "Nephrologist"
    },
    {
      "value": "325",
      "label": "Neurological Surgeon"
    },
    {
      "value": "326",
      "label": "Neurologist"
    },
    {
      "value": "327",
      "label": "Nuclear Medicine Practitioner"
    },
    {
      "value": "093",
      "label": "Nurse Practitioner (Other)"
    },
    {
      "value": "230",
      "label": "Nutritionist"
    },
    {
      "value": "328",
      "label": "Obstetrician/Gynecologist"
    },
    {
      "value": "171",
      "label": "Occupational Therapist"
    },
    {
      "value": "329",
      "label": "Oncologist"
    },
    {
      "value": "330",
      "label": "Opthalmologist"
    },
    {
      "value": "190",
      "label": "Optician"
    },
    {
      "value": "180",
      "label": "Optometrist"
    },
    {
      "value": "272",
      "label": "Oral Surgeon"
    },
    {
      "value": "277",
      "label": "Orthodontist"
    },
    {
      "value": "810",
      "label": "Orthopedic"
    },
    {
      "value": "331",
      "label": "Orthopedic Surgeon"
    },
    {
      "value": "332",
      "label": "Otologist, Laryngologist, Rhinologist"
    },
    {
      "value": "333",
      "label": "Pathologist"
    },
    {
      "value": "276",
      "label": "Pediatric Dentistry"
    },
    {
      "value": "090",
      "label": "Pediatric Nurse Practitioner"
    },
    {
      "value": "278",
      "label": "Periodontist"
    },
    {
      "value": "336",
      "label": "Physical Medicine and Rehabilitation Practitioner"
    },
    {
      "value": "170",
      "label": "Physical Therapist"
    },
    {
      "value": "100",
      "label": "Physician Assistant"
    },
    {
      "value": "700",
      "label": "Plan First"
    },
    {
      "value": "337",
      "label": "Plastic Surgeon"
    },
    {
      "value": "140",
      "label": "Podiatrist"
    },
    {
      "value": "338",
      "label": "Proctologist"
    },
    {
      "value": "339",
      "label": "Psychiatrist"
    },
    {
      "value": "112",
      "label": "Psychologist"
    },
    {
      "value": "340",
      "label": "Pulmonary Disease Specialist"
    },
    {
      "value": "341",
      "label": "Radiologist"
    },
    {
      "value": "820",
      "label": "Referring Provider Only"
    },
    {
      "value": "830",
      "label": "Rheumatology"
    },
    {
      "value": "081",
      "label": "Rural Health Clinic (RHC)"
    },
    {
      "value": "173",
      "label": "Speech/Hearing Therapist"
    },
    {
      "value": "342",
      "label": "Thoracic Surgeon"
    },
    {
      "value": "343",
      "label": "Urologist"
    },
    {
      "value": "900",
      "label": "VFC"
    },
    {
      "value": "091",
      "label": "Womens Health Care Nurse Practitioner"
    }
  ]
}
